timestamp,project_name,run_id,experiment_id,duration,emissions,emissions_rate,cpu_power,gpu_power,ram_power,cpu_energy,gpu_energy,ram_energy,energy_consumed,water_consumed,country_name,country_iso_code,region,os,python_version,codecarbon_version,cpu_count,cpu_model,gpu_count,gpu_model,longitude,latitude,ram_total_size,tracking_mode,cpu_utilization_percent,gpu_utilization_percent,ram_utilization_percent,ram_used_gb,on_cloud,pue,wue,cloud_provider,cloud_region
2026-01-18T07:53:25,green_ai_cnn,f7491a79-aea6-48b3-baba-f18c260262c3,mobilenetv2_cifar10_run1_afec0c,140.07557369299957,1.493871070827778e-05,1.066475068738152e-07,42.5,45.354142077273806,10.0,0.0016483458766444,0.0017581125176,0.0003876395744083,0.0037940979686527,0.0,Canada,CAN,quebec,Linux-6.6.105+-x86_64-with-glibc2.35,3.12.12,3.2.1,2,Intel(R) Xeon(R) CPU @ 2.20GHz,1,1 x Tesla T4,-71.2,46.8,12.671428680419922,machine,58.68561151079137,21.83453237410072,31.459712230215825,3.986526132487565,N,1.0,0.0,,
2026-01-18T09:21:50,green_ai_cnn,e0ce54aa-0da8-4219-86a2-35def647497b,lenet_cifar10_run1_a39a3a,164.02662057399994,0.0013156639457609,8.021039153015851e-06,42.5,30.4482571375834,10.0,0.0019303377137458,0.0013829619397019,0.0004540692115333,0.0037673688649811,0.0,United States,USA,nevada,Linux-6.6.105+-x86_64-with-glibc2.35,3.12.12,3.2.1,2,Intel(R) Xeon(R) CPU @ 2.00GHz,1,1 x Tesla T4,-115.1164,36.1685,12.671436309814451,machine,59.192024539877295,26.66871165644172,27.97484662576687,3.5451417232583635,N,1.0,0.0,,
2026-01-18T09:24:27,green_ai_cnn,7ca71731-5149-4c78-92c0-269853fc30ac,lenet_cifar10_run2_7cf97b,155.75321843099982,0.0012839504154804,8.243492034479269e-06,42.5,32.75876736457901,10.0,0.0018328023104715,0.0014126539078999,0.0004311017925444,0.0036765580109159,0.0,United States,USA,nevada,Linux-6.6.105+-x86_64-with-glibc2.35,3.12.12,3.2.1,2,Intel(R) Xeon(R) CPU @ 2.00GHz,1,1 x Tesla T4,-115.1164,36.1685,12.671436309814451,machine,65.07161290322581,27.374193548387098,28.53548387096774,3.616040211339151,N,1.0,0.0,,
2026-01-18T09:27:06,green_ai_cnn,698cffa8-f77b-4db2-958a-0bc651080305,lenet_cifar10_run3_315fba,158.52811829100028,0.0013366111108883,8.431381923267745e-06,42.5,34.710754133944924,10.0,0.0018655419929347,0.001523003440624,0.0004388050840055,0.0038273505175643,0.0,United States,USA,nevada,Linux-6.6.105+-x86_64-with-glibc2.35,3.12.12,3.2.1,2,Intel(R) Xeon(R) CPU @ 2.00GHz,1,1 x Tesla T4,-115.1164,36.1685,12.671436309814451,machine,66.43987341772151,26.29113924050633,28.90632911392405,3.661863327026367,N,1.0,0.0,,
2026-01-18T09:39:40,green_ai_cnn,ae1be27f-3755-4d3f-9fc9-cf47af6ca198,vgg16_cifar10_run1_cf9825,754.4325506350001,0.0088907027574411,1.1784622429079872e-05,42.5,69.4456075001619,10.0,0.0088723640396374,0.0144988877102119,0.002087040137,0.0254582918868494,0.0,United States,USA,nevada,Linux-6.6.105+-x86_64-with-glibc2.35,3.12.12,3.2.1,2,Intel(R) Xeon(R) CPU @ 2.00GHz,1,1 x Tesla T4,-115.1164,36.1685,12.671436309814451,machine,31.33183023872679,83.36870026525199,30.41949602122016,3.855248691548719,N,1.0,0.0,,
2026-01-18T09:52:19,green_ai_cnn,9c9f0f47-4eda-4c57-84ab-e04fd1f4ef51,vgg16_cifar10_run2_6fe0e2,757.922849262,0.008888925813202,1.172800875690364e-05,42.5,68.83398097899332,10.0,0.0089156818761214,0.014440311830018,0.0020972099479416,0.025453203654081,0.0,United States,USA,nevada,Linux-6.6.105+-x86_64-with-glibc2.35,3.12.12,3.2.1,2,Intel(R) Xeon(R) CPU @ 2.00GHz,1,1 x Tesla T4,-115.1164,36.1685,12.671436309814451,machine,31.10528401585205,82.0990752972259,30.85680317040951,3.910024967974685,N,1.0,0.0,,
2026-01-18T10:05:00,green_ai_cnn,edc7578b-3e48-479f-b48b-eb898dfc17d6,vgg16_cifar10_run3_2ae436,761.4341280499998,0.0089318250601185,1.1730266258215304e-05,42.5,68.8592539314248,10.0,0.0089556841552064,0.0145138116110399,0.0021065487452472,0.0255760445114935,0.0,United States,USA,nevada,Linux-6.6.105+-x86_64-with-glibc2.35,3.12.12,3.2.1,2,Intel(R) Xeon(R) CPU @ 2.00GHz,1,1 x Tesla T4,-115.1164,36.1685,12.671436309814451,machine,30.54993429697766,81.65965834428384,31.616162943495404,4.006588698999954,N,1.0,0.0,,
2026-01-18T10:17:42,green_ai_cnn,032dc4e0-bb48-4839-8b64-40dac9793e13,resnet18_cifar10_run1_0b1426,761.1248022979998,0.0089504013080479,1.1759439819888568e-05,42.5,69.2014504081473,10.0,0.0089503507028122,0.0145734669365419,0.0021054194661166,0.0256292371054708,0.0,United States,USA,nevada,Linux-6.6.105+-x86_64-with-glibc2.35,3.12.12,3.2.1,2,Intel(R) Xeon(R) CPU @ 2.00GHz,1,1 x Tesla T4,-115.1164,36.1685,12.671436309814451,machine,30.53276315789474,81.56184210526315,32.412894736842105,4.107017486973812,N,1.0,0.0,,
2026-01-18T10:30:17,green_ai_cnn,ed910818-1754-418c-9b13-b7eab3c13c88,resnet18_cifar10_run2_aa2f90,754.8009578199999,0.0088929793561972,1.178188668689797e-05,42.5,69.43541162905228,10.0,0.0088753737954762,0.014501687712452,0.0020877493591666,0.0254648108670948,0.0,United States,USA,nevada,Linux-6.6.105+-x86_64-with-glibc2.35,3.12.12,3.2.1,2,Intel(R) Xeon(R) CPU @ 2.00GHz,1,1 x Tesla T4,-115.1164,36.1685,12.671436309814451,machine,30.465915119363395,82.38726790450929,33.19867374005305,4.206487716351011,N,1.0,0.0,,
2026-01-18T10:42:54,green_ai_cnn,a043f049-dc03-4e35-b17f-303327738d69,resnet18_cifar10_run3_f26db7,756.7438766319992,0.0089134240201126,1.1778653644061374e-05,42.5,69.40356421364525,10.0,0.0088981180546054,0.014532204403532,0.0020930311626277,0.0255233536207651,0.0,United States,USA,nevada,Linux-6.6.105+-x86_64-with-glibc2.35,3.12.12,3.2.1,2,Intel(R) Xeon(R) CPU @ 2.00GHz,1,1 x Tesla T4,-115.1164,36.1685,12.671436309814451,machine,31.22777777777777,82.19973544973546,33.45674603174603,4.2393491280772695,N,1.0,0.0,,
2026-01-18T11:07:21,green_ai_cnn,0f5537a2-ea5e-480f-8c26-6815ff86eded,resnet50_cifar10_run1_551f35,1465.6913518829997,0.0167241146256812,1.1410393193761774e-05,42.5,65.6244210429155,10.0,0.017233800711649,0.026601616003498,0.0040536425983443,0.0478890593134915,0.0,United States,USA,nevada,Linux-6.6.105+-x86_64-with-glibc2.35,3.12.12,3.2.1,2,Intel(R) Xeon(R) CPU @ 2.00GHz,1,1 x Tesla T4,-115.1164,36.1685,12.671436309814451,machine,43.397265892002736,62.602187286397815,41.97375256322625,5.3180091816190975,N,1.0,0.0,,
2026-01-18T11:31:20,green_ai_cnn,e3702168-dcea-4b08-839e-26172c39bbf2,resnet50_cifar10_run2_f9d090,1438.325129854,0.0165106736561479,1.1479096981239474e-05,42.5,66.33338692157879,10.0,0.0169106556563987,0.0263897533340079,0.0039774677595416,0.0472778767499484,0.0,United States,USA,nevada,Linux-6.6.105+-x86_64-with-glibc2.35,3.12.12,3.2.1,2,Intel(R) Xeon(R) CPU @ 2.00GHz,1,1 x Tesla T4,-115.1164,36.1685,12.671436309814451,machine,44.22862116991644,63.458217270194986,48.59192200557103,6.15584680562564,N,1.0,0.0,,
2026-01-18T11:55:06,green_ai_cnn,49a26145-76f5-42ca-93f3-96c2cc7dcd6f,resnet50_cifar10_run3_29b51b,1424.8528553080014,0.0163934427809551,1.1505358409385687e-05,42.5,66.61114645386226,10.0,0.0167513913861114,0.026250769333932,0.0039400285235028,0.0469421892435462,0.0,United States,USA,nevada,Linux-6.6.105+-x86_64-with-glibc2.35,3.12.12,3.2.1,2,Intel(R) Xeon(R) CPU @ 2.00GHz,1,1 x Tesla T4,-115.1164,36.1685,12.671436309814451,machine,43.97716092761771,63.96345748418833,55.04061841180605,6.973902948289712,N,1.0,0.0,,
2026-01-18T12:06:48,green_ai_cnn,0d161423-eeed-41f2-a2c5-e4fe428afee0,mobilenetv2_cifar10_run1_3fd16c,700.6083902089995,0.0074837004879626,1.068171690854306e-05,42.5,57.98950029987655,10.0,0.00824372665894,0.011247021775388,0.0019386297165555,0.0214293781508835,0.0,United States,USA,nevada,Linux-6.6.105+-x86_64-with-glibc2.35,3.12.12,3.2.1,2,Intel(R) Xeon(R) CPU @ 2.00GHz,1,1 x Tesla T4,-115.1164,36.1685,12.671436309814451,machine,59.07353361945637,37.21602288984264,60.32460658082976,7.643631281600319,N,1.0,0.0,,
2026-01-18T12:18:19,green_ai_cnn,3a0d5df7-03f9-4b86-987e-9f58c80dac35,mobilenetv2_cifar10_run2_c90e3c,690.9383831550003,0.0073760426955504,1.0675398668502884e-05,42.5,57.90025304068653,10.0,0.008131385917357,0.01107701858383,0.0019126984123054,0.0211211029134925,0.0,United States,USA,nevada,Linux-6.6.105+-x86_64-with-glibc2.35,3.12.12,3.2.1,2,Intel(R) Xeon(R) CPU @ 2.00GHz,1,1 x Tesla T4,-115.1164,36.1685,12.671436309814451,machine,58.473294629898405,37.26124818577649,65.68955007256893,8.323219570608375,N,1.0,0.0,,
2026-01-18T17:20:16,green_ai_cnn,537fdaff-b7b7-4e35-a39a-7020231685de,lenet_cifar100_run1_d1753b,158.50394564399994,0.0012629809477568,7.968135699243413e-06,42.5,29.92820895538525,10.0,0.0018647062408826,0.001313190217218,0.0004386160373388,0.0036165124954395,0.0,United States,USA,nevada,Linux-6.6.105+-x86_64-with-glibc2.35,3.12.12,3.2.1,2,Intel(R) Xeon(R) CPU @ 2.00GHz,1,1 x Tesla T4,-115.1164,36.1685,12.671428680419922,machine,66.00189873417722,27.917721518987346,28.41455696202532,3.272352315202544,N,1.0,0.0,,
2026-01-18T17:22:58,green_ai_cnn,eaa8db2d-e4c9-40d2-8425-56a7ba62fcc7,lenet_cifar100_run2_943bc4,161.33593257400003,0.0013159234402562,8.156418841491932e-06,42.5,31.88476144821402,10.0,0.0018980017172493,0.0014236741944939,0.0004464360088527,0.0037681119205961,0.0,United States,USA,nevada,Linux-6.6.105+-x86_64-with-glibc2.35,3.12.12,3.2.1,2,Intel(R) Xeon(R) CPU @ 2.00GHz,1,1 x Tesla T4,-115.1164,36.1685,12.671428680419922,machine,65.13125,26.225,28.96,3.34056043624878,N,1.0,0.0,,
2026-01-18T17:25:40,green_ai_cnn,a9085a1f-63a5-4aab-a00b-e9958d879422,lenet_cifar100_run3_fec64b,160.97980856599995,0.0013472204890007,8.368878687344423e-06,42.5,34.04169284280583,10.0,0.0018945346460749,0.001517545380702,0.0004456501640361,0.003857730190813,0.0,United States,USA,nevada,Linux-6.6.105+-x86_64-with-glibc2.35,3.12.12,3.2.1,2,Intel(R) Xeon(R) CPU @ 2.00GHz,1,1 x Tesla T4,-115.1164,36.1685,12.671428680419922,machine,64.810625,26.95625,28.20125,3.243714165687561,N,1.0,0.0,,
2026-01-18T18:00:43,green_ai_cnn,00b93677-e5ae-4ec3-a982-94f2486269b2,resnet18_cifar100_run1_919941,748.2000014979999,0.0088225319706136,1.1791675959569315e-05,42.5,69.53884742760945,10.0,0.0087979931412062,0.014395504294172,0.0020695892088083,0.0252630866441866,0.0,United States,USA,nevada,Linux-6.6.105+-x86_64-with-glibc2.35,3.12.12,3.2.1,2,Intel(R) Xeon(R) CPU @ 2.00GHz,1,1 x Tesla T4,-115.1164,36.1685,12.671428680419922,machine,30.55689424364123,83.87416331994645,29.40789825970549,3.397801461787907,N,1.0,0.0,,
2026-01-18T18:13:15,green_ai_cnn,e70e2b12-3d00-483f-a5dc-0749ec9f83cb,resnet18_cifar100_run2_e48233,751.3459167819997,0.0088554868370535,1.1786164853309404e-05,42.5,69.37520229821064,10.0,0.0088363359331326,0.0144426054429639,0.0020785106553722,0.0253574520314689,0.0,United States,USA,nevada,Linux-6.6.105+-x86_64-with-glibc2.35,3.12.12,3.2.1,2,Intel(R) Xeon(R) CPU @ 2.00GHz,1,1 x Tesla T4,-115.1164,36.1685,12.671428680419922,machine,30.790545938748338,83.34266666666667,29.896804260985352,3.459431299039432,N,1.0,0.0,,
2026-01-18T18:25:46,green_ai_cnn,356785fe-53b8-4001-9775-a4f9eafafc71,resnet18_cifar100_run3_2e8ee0,750.8739109429998,0.008850818235939,1.1787356181843586e-05,42.5,69.5115343295645,10.0,0.0088287368687096,0.0144385309952599,0.0020768157518499,0.0253440836158195,0.0,United States,USA,nevada,Linux-6.6.105+-x86_64-with-glibc2.35,3.12.12,3.2.1,2,Intel(R) Xeon(R) CPU @ 2.00GHz,1,1 x Tesla T4,-115.1164,36.1685,12.671428680419922,machine,30.77253333333333,83.056,30.65093333333333,3.5554202880859376,N,1.0,0.0,,
2026-01-19T09:36:03,green_ai_cnn,207a5e89-7ea9-41c9-82db-eecb27e1991c,vgg16_cifar100_run1_856e4c,745.9566891420001,0.0087537293523045,1.173490295042878e-05,42.5,68.96857991912532,10.0,0.0087726825268375,0.01422978499493,0.0020636046470416,0.0250660721688091,0.0,United States,USA,nevada,Linux-6.6.105+-x86_64-with-glibc2.35,3.12.12,3.2.1,2,Intel(R) Xeon(R) CPU @ 2.00GHz,1,1 x Tesla T4,-115.1164,36.1685,12.671436309814451,machine,32.31597315436242,81.11812080536913,28.828993288590603,3.313805604461056,N,1.0,0.0,,
2026-01-19T09:48:38,green_ai_cnn,b17ed6af-22b7-41c6-99b1-ce7b5a1aeb16,vgg16_cifar100_run2_ea4d6b,753.8830010409999,0.0088338956870272,1.1717860297723886e-05,42.5,68.76470633023442,10.0,0.0088655407362263,0.0143446206423539,0.0020854649666027,0.0252956263451831,0.0,United States,USA,nevada,Linux-6.6.105+-x86_64-with-glibc2.35,3.12.12,3.2.1,2,Intel(R) Xeon(R) CPU @ 2.00GHz,1,1 x Tesla T4,-115.1164,36.1685,12.671436309814451,machine,30.95869853917663,81.74369189907038,28.871314741035853,3.318456454739311,N,1.0,0.0,,
2026-01-19T10:00:45,green_ai_cnn,ea5d58bb-a22c-4211-8c3f-811013fdac9d,vgg16_cifar100_run3_d42272,726.178735895,0.008554547083145,1.178022249935717e-05,42.5,69.38446118502387,10.0,0.0085415496175855,0.0139448925447939,0.0020092768537833,0.0244957190161628,0.0,United States,USA,nevada,Linux-6.6.105+-x86_64-with-glibc2.35,3.12.12,3.2.1,2,Intel(R) Xeon(R) CPU @ 2.00GHz,1,1 x Tesla T4,-115.1164,36.1685,12.671436309814451,machine,30.79779310344828,83.43310344827586,29.52979310344828,3.4023087863264414,N,1.0,0.0,,
2026-01-19T17:34:59,green_ai_cnn,754a44e0-7114-4c60-894e-a9180f3878ca,vgg16_cifar100_run1_23d6f1,848.915387617,0.0001122377352462,1.322131002494102e-07,42.5,68.85146312663473,10.0,0.0099833852306909,0.0161740290503239,0.0023484569162972,0.0285058711973121,0.0,Canada,CAN,quebec,Linux-6.6.105+-x86_64-with-glibc2.35,3.12.12,3.2.1,2,Intel(R) Xeon(R) CPU @ 2.00GHz,1,1 x Tesla T4,-71.2,46.8,12.671436309814451,machine,30.349056603773583,82.32900943396227,29.25129716981132,3.365670577535089,N,1.0,0.0,,
2026-01-19T17:49:25,green_ai_cnn,643d3369-d574-4ff3-a1c2-ff11abbf6693,vgg16_cifar100_run2_b7fc78,862.8955327410001,0.0001137100297832,1.317772841192967e-07,42.5,68.44005549441118,10.0,0.0101486062005839,0.0163438741861999,0.0023873206510083,0.0288798010377923,0.0,Canada,CAN,quebec,Linux-6.6.105+-x86_64-with-glibc2.35,3.12.12,3.2.1,2,Intel(R) Xeon(R) CPU @ 2.00GHz,1,1 x Tesla T4,-71.2,46.8,12.671436309814451,machine,30.29686774941996,80.84222737819026,30.1868909512761,3.4843828506646743,N,1.0,0.0,,
2026-01-19T18:03:54,green_ai_cnn,f6d8f1a9-d42b-437d-bff9-f959525762a7,vgg16_cifar100_run3_b5c93c,868.1708997820001,0.0136735484144215,1.5749834989695013e-05,42.5,68.36158131883936,10.0,0.0102132309792292,0.016428625920668,0.0024024127836333,0.0290442696835305,0.0,Singapore,SGP,,Linux-6.6.105+-x86_64-with-glibc2.35,3.12.12,3.2.1,2,Intel(R) Xeon(R) CPU @ 2.00GHz,1,1 x Tesla T4,103.8461,1.2939,12.671436309814451,machine,30.53898500576701,80.07151095732411,31.79538638985005,3.68868511688338,N,1.0,0.0,,
2026-01-19T18:39:15,green_ai_cnn,ec072fda-d764-431e-819e-6dce57bd525e,resnet50_cifar100_run1_9c97b4,1409.7365590759996,0.0217350295420961,1.5417795191707432e-05,42.5,65.89865671541386,10.0,0.0165731249271055,0.025696429723794,0.0038982754153861,0.0461678300662855,0.0,Singapore,SGP,,Linux-6.6.105+-x86_64-with-glibc2.35,3.12.12,3.2.1,2,Intel(R) Xeon(R) CPU @ 2.00GHz,1,1 x Tesla T4,103.8461,1.2939,12.671436309814451,machine,42.66100852272727,64.36150568181819,39.75134943181818,4.680914572694085,N,1.0,0.0,,
2026-01-19T19:03:18,green_ai_cnn,72355666-b9a0-4e6d-8b53-d6647e92b4da,resnet50_cifar100_run2_69df76,1441.3250964709996,0.0221041314726128,1.533597904229482e-05,42.5,65.26087375912729,10.0,0.0169464389337085,0.02601944303776,0.0039859652120805,0.0469518471835491,0.0,Singapore,SGP,,Linux-6.6.105+-x86_64-with-glibc2.35,3.12.12,3.2.1,2,Intel(R) Xeon(R) CPU @ 2.00GHz,1,1 x Tesla T4,103.8461,1.2939,12.671436309814451,machine,42.12895833333333,62.31736111111111,46.31125,5.511907940440707,N,1.0,0.0,,
2026-01-19T19:26:48,green_ai_cnn,e8cb7cd2-4424-437a-ae98-c134299809ae,resnet50_cifar100_run3_8eaf24,1409.2835354820008,0.0216751939915968,1.5380293209899403e-05,42.5,65.62794499132461,10.0,0.01656911194545,0.025574422126188,0.0038971980524972,0.0460407321241354,0.0,Singapore,SGP,,Linux-6.6.105+-x86_64-with-glibc2.35,3.12.12,3.2.1,2,Intel(R) Xeon(R) CPU @ 2.00GHz,1,1 x Tesla T4,103.8461,1.2939,12.671436309814451,machine,41.60660511363636,64.13991477272727,52.89204545454545,6.345886807550084,N,1.0,0.0,,
2026-01-20T16:58:57,green_ai_cnn,fa858c4d-9541-46dc-bd83-42ddde0514ea,mobilenetv2_cifar100_run1_e1ab41,677.789000157,8.105217311349496e-05,1.195831934344175e-07,42.5,57.17598915394881,10.0,0.0079773031298757,0.0107318338632379,0.0018762998206805,0.0205854368137943,0.0,Canada,CAN,quebec,Linux-6.6.105+-x86_64-with-glibc2.35,3.12.12,3.2.1,2,Intel(R) Xeon(R) CPU @ 2.00GHz,1,1 x Tesla T4,-71.2,46.8,12.671436309814451,machine,58.27887740029543,38.48005908419498,34.0165435745938,3.981529185127473,N,1.0,0.0,,
2026-01-20T17:10:04,green_ai_cnn,a0a06bd7-a733-40f2-8fc9-232dfe542712,mobilenetv2_cifar100_run2_db7860,663.9398698360001,0.0096148038940956,1.4481437748979642e-05,42.5,58.576545335062434,10.0,0.0078138199495778,0.01077118361694,0.00183800213695,0.0204230057034678,0.0,Singapore,SGP,,Linux-6.6.105+-x86_64-with-glibc2.35,3.12.12,3.2.1,2,Intel(R) Xeon(R) CPU @ 2.00GHz,1,1 x Tesla T4,103.8461,1.2939,12.671436309814451,machine,57.04585218702866,38.38310708898944,39.33619909502262,4.655342740710505,N,1.0,0.0,,
2026-01-20T17:20:45,green_ai_cnn,ca72f23f-ce91-42c0-b31f-0bfe929c5a10,mobilenetv2_cifar100_run3_e8358b,640.0909441810002,0.0093584754415367,1.4620540294490451e-05,42.5,59.65405071284416,10.0,0.0075330662432541,0.0105736406811279,0.0017718261610027,0.0198785330853848,0.0,Singapore,SGP,,Linux-6.6.105+-x86_64-with-glibc2.35,3.12.12,3.2.1,2,Intel(R) Xeon(R) CPU @ 2.00GHz,1,1 x Tesla T4,103.8461,1.2939,12.671436309814451,machine,58.93896713615023,39.61971830985915,44.756964006259786,5.342411488994187,N,1.0,0.0,,
2026-01-20T18:02:37,green_ai_cnn,c5e73c1c-29ba-4231-96db-228b4c93aaad,efficientnetb0_cifar100_run1_b6963d,870.5320805810006,0.0128123711821879,1.4717862176471249e-05,42.5,60.443275558902165,10.0,0.0102417581390776,0.0145642460958319,0.0024090209087083,0.027215025143618,0.0,Singapore,SGP,,Linux-6.6.105+-x86_64-with-glibc2.35,3.12.12,3.2.1,2,Intel(R) Xeon(R) CPU @ 2.00GHz,1,1 x Tesla T4,103.8461,1.2939,12.671436309814451,machine,58.897353279631766,41.681242807825086,53.09228998849252,6.398451889617534,N,1.0,0.0,,
2026-01-20T18:17:08,green_ai_cnn,ba1861c6-8a5a-41b1-92c7-2e3492595e77,efficientnetb0_cifar100_run2_bf24cb,869.5682643560003,0.0127954240498258,1.4714686096901264e-05,42.5,60.43740209285308,10.0,0.0102290181389263,0.0145444766355719,0.0024055326114221,0.0271790273859204,0.0,Singapore,SGP,,Linux-6.6.105+-x86_64-with-glibc2.35,3.12.12,3.2.1,2,Intel(R) Xeon(R) CPU @ 2.00GHz,1,1 x Tesla T4,103.8461,1.2939,12.671436309814451,machine,59.54850230414746,41.20506912442397,61.31359447004608,7.4405929372057935,N,1.0,0.0,,
2026-01-20T18:32:01,green_ai_cnn,327b39a6-6e23-4e90-8f88-dfaff024e284,efficientnetb0_cifar100_run3_c05d61,891.3642182799995,0.0130799227075256,1.467404955155712e-05,42.5,60.1374333623204,10.0,0.0104861466576903,0.0148307635312679,0.0024664267359639,0.0277833369249222,0.0,Singapore,SGP,,Linux-6.6.105+-x86_64-with-glibc2.35,3.12.12,3.2.1,2,Intel(R) Xeon(R) CPU @ 2.00GHz,1,1 x Tesla T4,103.8461,1.2939,12.671436309814451,machine,60.70472440944882,40.1259842519685,69.51867266591675,8.4799712302312,N,1.0,0.0,,
2026-01-22T09:40:21,green_ai_cnn,259dd4e8-beb8-4a8a-8323-ed49c76e2b73,efficientnetb0_cifar100_run1_173b35,598.3372439269999,0.0084068089328735,1.4050285216574616e-05,42.5,55.299430218900014,10.0,0.0070410490984666,0.00915984899454,0.0016561802910333,0.01785707838404,0.0,Singapore,SGP,,Linux-6.6.105+-x86_64-with-glibc2.35,3.12.12,3.2.1,2,Intel(R) Xeon(R) CPU @ 2.20GHz,1,1 x Tesla T4,103.8461,1.2939,12.671436309814451,machine,60.778056951423785,35.65661641541038,38.12328308207705,4.501916760775312,N,1.0,0.0,,
2026-01-22T09:48:13,green_ai_cnn,82ae7e44-a220-4afd-a5cc-697ebc2a91c1,efficientnetb0_cifar100_run2_eacce0,468.71616440899993,0.0065827044265297,1.4044116517359376e-05,42.5,55.172348171624094,10.0,0.0055139334867666,0.0071717387929419,0.0012967876360694,0.0139824599157781,0.0,Singapore,SGP,,Linux-6.6.105+-x86_64-with-glibc2.35,3.12.12,3.2.1,2,Intel(R) Xeon(R) CPU @ 2.20GHz,1,1 x Tesla T4,103.8461,1.2939,12.671436309814451,machine,63.06324786324786,33.23290598290598,46.91901709401709,5.616728171324119,N,1.0,0.0,,
2026-01-22T10:03:47,green_ai_cnn,05c97ab5-9725-4ab4-a25b-6bf1d6e9bf47,efficientnetb0_cifar100_run3_84f999,932.65698168,0.013570501369555,1.4550367001070845e-05,42.5,59.05610484412661,10.0,0.0109849298864624,0.015256868872152,0.0025835865453472,0.0288253853039617,0.0,Singapore,SGP,,Linux-6.6.105+-x86_64-with-glibc2.35,3.12.12,3.2.1,2,Intel(R) Xeon(R) CPU @ 2.20GHz,1,1 x Tesla T4,103.8461,1.2939,12.671436309814451,machine,60.427819548872186,38.851612903225806,55.560257787325455,6.710768747790672,N,1.0,0.0,,
2026-01-22T10:21:16,green_ai_cnn,8351cc07-9956-4664-9fa2-c21c89140f75,mobilenetv2_cifar100_run1_8d54dc,325.80134234499974,0.0045496073966499,1.3964360502333969e-05,42.5,54.68758947436068,10.0,0.0038338503132271,0.004928758665226,0.0009013070861666,0.0096639160646197,0.0,Singapore,SGP,,Linux-6.6.105+-x86_64-with-glibc2.35,3.12.12,3.2.1,2,Intel(R) Xeon(R) CPU @ 2.20GHz,1,1 x Tesla T4,103.8461,1.2939,12.671436309814451,machine,61.3425925925926,32.70679012345679,60.86450617283951,7.383241135397075,N,1.0,0.0,,
2026-01-22T10:26:43,green_ai_cnn,66575dfd-141b-4afb-a220-2f25a3c23dab,mobilenetv2_cifar100_run2_b8d8ff,325.7087018430002,0.0045607574957612,1.4002565697368497e-05,42.5,54.885514052692336,10.0,0.0038335425712702,0.0049523922952439,0.0009016653564361,0.0096876002229503,0.0,Singapore,SGP,,Linux-6.6.105+-x86_64-with-glibc2.35,3.12.12,3.2.1,2,Intel(R) Xeon(R) CPU @ 2.20GHz,1,1 x Tesla T4,103.8461,1.2939,12.671436309814451,machine,59.382461538461534,32.87384615384615,65.90615384615384,8.021889202411359,N,1.0,0.0,,
2026-01-22T10:31:42,green_ai_cnn,495160be-8c57-4bfa-83d5-0205c0c66c50,mobilenetv2_cifar100_run3_d77200,297.5733833049999,0.0042096732055131,1.4146672524129686e-05,42.5,56.07217142559924,10.0,0.0035020435885312,0.00461648147096,0.0008233296920888,0.0089418547515801,0.0,Singapore,SGP,,Linux-6.6.105+-x86_64-with-glibc2.35,3.12.12,3.2.1,2,Intel(R) Xeon(R) CPU @ 2.20GHz,1,1 x Tesla T4,103.8461,1.2939,12.671436309814451,machine,62.44054054054055,34.0472972972973,70.1391891891892,8.558098251755172,N,1.0,0.0,,
2026-01-22T18:22:27,green_ai_cnn,312fe9fe-7058-48ad-ae8f-ef022c77ef5c,mobilenetv2_cifar100_run1_5a0ede,809.1439423029999,0.0087743232784304,1.0843958435203463e-05,42.5,59.6854897132914,10.0,0.0095213292906687,0.0133642923580919,0.0022394206821055,0.0251250423308663,0.0,United States,USA,nevada,Linux-6.6.105+-x86_64-with-glibc2.35,3.12.12,3.2.1,2,Intel(R) Xeon(R) CPU @ 2.00GHz,1,1 x Tesla T4,-115.1164,36.1685,12.671436309814451,machine,59.22366790582404,39.386617100371744,35.36443618339529,4.152666633161618,N,1.0,0.0,,
2026-01-22T18:36:57,green_ai_cnn,666e0b16-569d-4e53-bee6-15e1f947cdb0,mobilenetv2_cifar100_run2_4fdce0,868.657066686,0.0095267052327416,1.0967164831901797e-05,42.5,60.927172539199645,10.0,0.0102215539044548,0.014653598667314,0.0024043155593777,0.0272794681311466,0.0,United States,USA,nevada,Linux-6.6.105+-x86_64-with-glibc2.35,3.12.12,3.2.1,2,Intel(R) Xeon(R) CPU @ 2.00GHz,1,1 x Tesla T4,-115.1164,36.1685,12.671436309814451,machine,60.71372549019608,39.589388696655135,41.311072664359855,4.906033319035479,N,1.0,0.0,,
2026-01-22T18:51:33,green_ai_cnn,1f15174d-13e1-4e4f-81f7-2c5435b0caf0,mobilenetv2_cifar100_run3_9663d8,875.4680148169996,0.0093984902419395,1.0735389623462244e-05,42.5,58.615855180859874,10.0,0.0103018491864124,0.01418739884991,0.0024230798642749,0.0269123279005974,0.0,United States,USA,nevada,Linux-6.6.105+-x86_64-with-glibc2.35,3.12.12,3.2.1,2,Intel(R) Xeon(R) CPU @ 2.00GHz,1,1 x Tesla T4,-115.1164,36.1685,12.671436309814451,machine,56.62745995423341,36.255148741418765,46.74382151029748,5.594309669337502,N,1.0,0.0,,
2026-01-22T19:13:50,green_ai_cnn,e66c4018-e3a3-4756-a61e-3076fa378c8f,efficientnetb0_cifar100_run1_4b9bf5,1115.462797093,0.0123799791214,1.109851368746981e-05,42.5,62.31398391826311,10.0,0.0131215174395667,0.0192418295601179,0.0030863953462638,0.0354497423459486,0.0,United States,USA,nevada,Linux-6.6.105+-x86_64-with-glibc2.35,3.12.12,3.2.1,2,Intel(R) Xeon(R) CPU @ 2.00GHz,1,1 x Tesla T4,-115.1164,36.1685,12.671436309814451,machine,60.73940754039497,42.24865350089767,55.611041292639136,6.718450111375462,N,1.0,0.0,,
2026-01-22T19:32:02,green_ai_cnn,67616185-dce1-45ff-b839-b18b0a9b61c6,efficientnetb0_cifar100_run2_35db9e,1090.7496997459994,0.0120817770204073,1.107658065202388e-05,42.5,62.111420394459,10.0,0.0128290293628972,0.018749546388514,0.0030172727758527,0.0345958485272639,0.0,United States,USA,nevada,Linux-6.6.105+-x86_64-with-glibc2.35,3.12.12,3.2.1,2,Intel(R) Xeon(R) CPU @ 2.00GHz,1,1 x Tesla T4,-115.1164,36.1685,12.671436309814451,machine,60.80569852941177,42.12775735294117,63.76397058823529,7.750680250280044,N,1.0,0.0,,
2026-01-22T19:49:25,green_ai_cnn,6c77811f-6c25-4d9a-92ae-536faac2021e,efficientnetb0_cifar100_run3_629a31,1041.7306401879996,0.0115434233006435,1.108100583329324e-05,42.5,62.173761774479686,10.0,0.0122537640319492,0.0179182648901559,0.0028822579862361,0.0330542869083414,0.0,United States,USA,nevada,Linux-6.6.105+-x86_64-with-glibc2.35,3.12.12,3.2.1,2,Intel(R) Xeon(R) CPU @ 2.00GHz,1,1 x Tesla T4,-115.1164,36.1685,12.671436309814451,machine,60.894802694898935,41.95476419634264,71.57824831568817,8.741270045114321,N,1.0,0.0,,
2026-01-23T16:15:32,green_ai_cnn,7e84bd90-2428-458f-a2b2-95898378f7f1,resnet50_cifar100_run1_67fd07,1811.081716672,0.0002348865397822,1.296940594231702e-07,42.5,66.5711610108871,10.0,0.0212939173321694,0.0333532452936859,0.0050087582132833,0.0596559208391386,0.0,Canada,CAN,quebec,Linux-6.6.105+-x86_64-with-glibc2.35,3.12.12,3.2.1,2,Intel(R) Xeon(R) CPU @ 2.20GHz,1,1 x Tesla T4,-71.2,46.8,12.671428680419922,machine,43.24499723604201,63.74571586511885,37.82902155887231,4.437012089886937,N,1.0,0.0,,
2026-01-23T16:52:11,green_ai_cnn,a34d3830-d4ab-4d72-9aba-b0f6581fe3a0,resnet50_cifar100_run2_e1c0eb,2196.798365539,0.0002871739999367,1.307238772759531e-07,42.5,67.53055653344164,10.0,0.0258269930433827,0.041034057549442,0.0060747141519944,0.072935764744819,0.0,Canada,CAN,quebec,Linux-6.6.105+-x86_64-with-glibc2.35,3.12.12,3.2.1,2,Intel(R) Xeon(R) CPU @ 2.20GHz,1,1 x Tesla T4,-71.2,46.8,12.671428680419922,machine,42.63318140382862,66.26618049225159,45.18559708295351,5.369303123453257,N,1.0,0.0,,
2026-01-23T17:26:00,green_ai_cnn,915aa8c0-e0e3-4a07-bc64-1bdc73d93df4,resnet50_cifar100_run3_b7cd29,2028.212071514,0.0002627897089776,1.2956717528138557e-07,42.5,66.4679141798644,10.0,0.0238440078853849,0.0372902076099199,0.0056084854301889,0.0667427009254939,0.0,Canada,CAN,quebec,Linux-6.6.105+-x86_64-with-glibc2.35,3.12.12,3.2.1,2,Intel(R) Xeon(R) CPU @ 2.20GHz,1,1 x Tesla T4,-71.2,46.8,12.671428680419922,machine,43.204590325765054,62.43534057255676,51.8025666337611,6.206829208494527,N,1.0,0.0,,
2026-01-23T17:36:41,green_ai_cnn,ef1d53da-4cf1-4950-9e43-7889eb452d54,lenet_cifar100_run1_e1fcb5,199.10387826500028,1.8877943029801616e-05,9.481454200844717e-08,42.5,34.49525147481266,10.0,0.0023426279142715,0.0019009259651839,0.0005510208800666,0.0047945747595222,0.0,Canada,CAN,quebec,Linux-6.6.105+-x86_64-with-glibc2.35,3.12.12,3.2.1,2,Intel(R) Xeon(R) CPU @ 2.20GHz,1,1 x Tesla T4,-71.2,46.8,12.671428680419922,machine,64.92626262626263,28.085858585858585,52.52474747474747,6.2983226968784525,N,1.0,0.0,,
2026-01-23T17:39:53,green_ai_cnn,bead293b-0705-4f22-9ba4-a87cb388fac9,lenet_cifar100_run2_12442f,191.392630843,1.8185764718251043e-05,9.501810303850669e-08,42.5,34.63157456769616,10.0,0.0022522642326549,0.00183675285829,0.0005297598787222,0.0046187769696671,0.0,Canada,CAN,quebec,Linux-6.6.105+-x86_64-with-glibc2.35,3.12.12,3.2.1,2,Intel(R) Xeon(R) CPU @ 2.20GHz,1,1 x Tesla T4,-71.2,46.8,12.671428680419922,machine,66.44947368421053,28.51052631578948,51.59052631578948,6.180118560791016,N,1.0,0.0,,
2026-01-23T17:43:04,green_ai_cnn,08fdd6ae-8414-447b-a97b-ebd0e8af17b6,lenet_cifar100_run3_5938a2,190.74656933000009,1.817326454102112e-05,9.527439788225266e-08,42.5,34.89788762442368,10.0,0.0022444566429263,0.0018432284190259,0.0005279171426388,0.0046156022045912,0.0,Canada,CAN,quebec,Linux-6.6.105+-x86_64-with-glibc2.35,3.12.12,3.2.1,2,Intel(R) Xeon(R) CPU @ 2.20GHz,1,1 x Tesla T4,-71.2,46.8,12.671428680419922,machine,66.7778947368421,28.77894736842105,51.96842105263158,6.229498491789165,N,1.0,0.0,,
2026-01-24T15:52:47,green_ai_cnn,77ee4b93-9005-498b-b639-7c768376bb76,resnet18_cifar100_run1_2cfab5,1059.303274357,0.0167987693407329,1.58583190927356e-05,42.5,69.2626533185056,10.0,0.0124561384472653,0.0202963531815139,0.0029301250772888,0.0356826167060682,0.0,Singapore,SGP,,Linux-6.6.105+-x86_64-with-glibc2.35,3.12.12,3.2.1,2,Intel(R) Xeon(R) CPU @ 2.00GHz,1,1 x Tesla T4,103.8461,1.2939,12.671436309814451,machine,29.98572778827977,83.62854442344046,29.65671077504726,3.429053759079124,N,1.0,0.0,,
2026-01-24T16:08:19,green_ai_cnn,c216cb7c-d1e4-4a7a-ac8e-d8e9e069645f,resnet18_cifar100_run2_8655da,928.1152413339998,0.0001232117808223,1.327548297183837e-07,42.5,69.3797751103227,10.0,0.0109121914823534,0.01781407258458,0.0025667689438111,0.0312930330107445,0.0,Canada,CAN,quebec,Linux-6.6.105+-x86_64-with-glibc2.35,3.12.12,3.2.1,2,Intel(R) Xeon(R) CPU @ 2.00GHz,1,1 x Tesla T4,-71.2,46.8,12.671436309814451,machine,30.080690399137,83.93635382955772,30.42891046386192,3.5270296979490605,N,1.0,0.0,,
2026-01-24T16:41:47,green_ai_cnn,02537a64-ae8f-4191-a0c3-a678774bf4f7,resnet18_cifar100_run1_6208d7,957.6320191179998,0.0001269032555354,1.3251776569915157e-07,42.5,69.13106244766206,10.0,0.0112616143260665,0.0183199521559499,0.0026490184355833,0.0322305849175999,0.0,Canada,CAN,quebec,Linux-6.6.105+-x86_64-with-glibc2.35,3.12.12,3.2.1,2,Intel(R) Xeon(R) CPU @ 2.00GHz,1,1 x Tesla T4,-71.2,46.8,12.671436309814451,machine,30.52486938349007,83.03134796238244,38.183072100313474,4.509143610110228,N,1.0,0.0,,
2026-01-24T16:59:30,green_ai_cnn,c9c26656-c32e-45d9-bab2-4d69a6064376,resnet18_cifar100_run2_7d7c2d,1061.621854981,0.0001405325603514,1.3237534597850556e-07,42.5,69.02058074140416,10.0,0.0124823537280143,0.0202734470520779,0.0029363223335555,0.0356921231136479,0.0,Canada,CAN,quebec,Linux-6.6.105+-x86_64-with-glibc2.35,3.12.12,3.2.1,2,Intel(R) Xeon(R) CPU @ 2.00GHz,1,1 x Tesla T4,-71.2,46.8,12.671436309814451,machine,45.52111215834119,82.96324222431669,39.034967012252594,4.617220440863664,N,1.0,0.0,,
2026-01-24T17:17:15,green_ai_cnn,e5a03b77-328d-4fae-a826-5edb2cce06cb,resnet18_cifar100_run3_c52a25,1063.9494858540002,0.0168934019788308,1.5878011318621075e-05,42.5,69.40169411574054,10.0,0.0125113298723841,0.0204294541213279,0.0029428438748194,0.0358836278685315,0.0,Singapore,SGP,,Linux-6.6.105+-x86_64-with-glibc2.35,3.12.12,3.2.1,2,Intel(R) Xeon(R) CPU @ 2.00GHz,1,1 x Tesla T4,103.8461,1.2939,12.671436309814451,machine,29.99548447789276,84.0442144873001,39.63198494825964,4.6928938348003975,N,1.0,0.0,,
2026-01-25T15:46:20,green_ai_cnn,1e847424-2179-4ac9-bf04-35c6746fe594,vgg16_cifar100_run1_400e18,1213.67785536,0.0142591194873811,1.1748685554744404e-05,42.5,69.05415779650882,10.0,0.0142751868445534,0.023197454391282,0.0033579697814305,0.040830611017266,0.0,United States,USA,nevada,Linux-6.6.105+-x86_64-with-glibc2.35,3.12.12,3.2.1,2,Intel(R) Xeon(R) CPU @ 2.00GHz,1,1 x Tesla T4,-115.1164,36.1685,12.671436309814451,machine,32.044600164880464,83.02308326463314,30.582275350370985,3.535055574069609,N,1.0,0.0,,
2026-01-25T16:09:08,green_ai_cnn,ae3751a8-3194-4442-8bed-128db53d8e53,vgg16_cifar100_run2_e8cb16,1366.379063836,0.0160396969037395,1.173883392117363e-05,42.5,68.96361765156082,10.0,0.016071767960159,0.02607710141722,0.003780377915275,0.045929247292654,0.0,United States,USA,nevada,Linux-6.6.105+-x86_64-with-glibc2.35,3.12.12,3.2.1,2,Intel(R) Xeon(R) CPU @ 2.00GHz,1,1 x Tesla T4,-115.1164,36.1685,12.671436309814451,machine,31.72769230769231,82.47692307692307,32.01391941391942,3.716019269223615,N,1.0,0.0,,
2026-01-25T16:28:54,green_ai_cnn,2e10c199-6e80-4390-997a-a22c7b0c1da2,vgg16_cifar100_run3_a6493d,1185.2264028509999,0.01393233549819634,1.1754999268226594e-05,42.5,69.14815957422431,10.0,0.01393838807219504,0.022677709531042,0.0032787761154610957,0.03989487371869822,0.0,United States,USA,nevada,Linux-6.6.105+-x86_64-with-glibc2.35,3.12.12,3.2.1,2,Intel(R) Xeon(R) CPU @ 2.00GHz,1,1 x Tesla T4,-115.1164,36.1685,12.671436309814453,machine,32.183192567567566,82.40625,33.44349662162162,3.8972085134403125,N,1.0,0.0,,
